# ID|definition|current-source selector(s)|acceptance missing / measured scenario|positive control|negative control|batch
AUD-P0-001|journey|src/modules/quarantine/receiving/application/*;src/modules/laboratory/application/*;Documents/DOMAIN-MAP.md|سلسلة الاستلام→التفتيش→المختبر→قرار الجودة→الإفراج لم تنفذ على مرشح مصادق؛ الكتابة محظورة|اكتمال كل تسليم مع هوية السجل والفاعل والوقت والأدلة|PASS لا يفرج؛ انقطاع تسليم لا يسجل اكتمالًا|3
AUD-P0-002|RBACSoD|src/shared/authorization/authorize.ts;src/shared/authorization/sod.ts;src/shared/authorization/p05-authority.ts;Documents/ROLE-MATRIX.md|اختبار مراسم المرحلة الأولى محدود؛ مصفوفة الأدوار والنطاق والحالة وSoD كاملة غير منفذة|Supervisor مرحلة أولى وQCM نهائي بسجل صالح مستقل|QC المنشئ وAdmin-only ونطاق آخر والفاعل المعطل مرفوضون بعد ضابط موجب|2
AUD-P0-003|ALCOA|src/shared/audit/audit-event.ts;src/modules/laboratory/infrastructure/postgres-repository.ts;Documents/SYSTEM-INVARIANTS.md|لا قراءة مستقلة لسجلات attributable/legible/contemporaneous/original/accurate أو استمرارها على DB|استرجاع أصل القياس والتصحيح والفاعل والوقت بلا تغيير التاريخ|تعديل أصل معتمد أو حذف تاريخ لا ينجح|3
AUD-P0-004|science|src/modules/laboratory/infrastructure/postgres-controlled-sources.ts;Documents/DECISION-ASSUMPTION-REGISTER-026.md|evaluate يرفض صراحة؛ PD-01/02/03/07 ومصدر المعايير الرسمي مطلوبون ولا يجوز اختراعهم|نتيجة من evaluator معتمد تطابق sourceReference/contentHash بعد قرار QC|حد أو وحدة أو PASS من المتصفح أو مصدر قديم مرفوض|1
AUD-P0-005|transitions|src/modules/laboratory/domain/lab-state.ts;src/modules/quarantine/inspection/domain/inspection-state.ts;Documents/STATE-MACHINES.md|تغطية كل edge وحالة ممنوعة ونسخة وآثار انتقال على PG/HTTP غير منفذة|كل انتقال معلن يحفظ نسخته وآثاره الذرية|UNDER_REVIEW لا يقفز للنهائي وحالة غير معلنة ترفض|3
AUD-P0-006|concurrency|src/shared/concurrency/version.ts;src/shared/idempotency/idempotency-service.ts;tests/integration/concurrency/*|race/CAS/rollback/replay يتطلب writes ولو DB مصرفية؛ محظور الآن|أمر واحد من متنافسين وفوز واحد مع audit/signature/outbox|نسخة قديمة وتكرار بمحتوى مختلف وفشل وسط المعاملة لا تترك نصف أثر|3
AUD-P0-007|wrong-action|src/actions/index.ts;src/shared/authorization/policy-registry.ts;tests/integration/security/*|لم تنفذ أفعال خاطئة على سجلات صالحة؛ BAD_REQUEST ليس إثبات رفض صلاحية|فعل صحيح من فاعل مخول على سجل موجود|action/subject/role/version/body tampering يرفض مع صفر أثر|2
AUD-P0-008|trace drill|src/shared/audit/audit-query.ts;src/ui/components/workflow/HandoffTimeline.astro;Documents/REQUIREMENTS-TRACEABILITY.md|لم ينفذ drill من أصل سجل حقيقي إلى القياسات والتوقيع وaudit والمصدر|تتبع أمامي وخلفي من نفس record/request/source hash|رابط غائب أو توقيع لنسخة أخرى يظهر نقصًا لا قبولًا|3
AUD-P0-009|claims|src/shared/copy/ux-vocabulary.ts;src/shared/release/deployed-identity.ts;Documents/PRODUCTION-READINESS-CHECKLIST.md|وجود عبارة PASS≠RELEASED لا يثبت كل claims المعروضة أو runtime artifact|كل ادعاء يعرض مرشحًا ودليلًا مع حدوده|healthy/APPROVED أو مصدر فقط لا يتحول GO/EFFECTIVE|11
AUD-P0-010|zero trust|src/middleware.ts;src/shared/routing/page-access.ts;src/shared/authorization/authorize.ts|لا HTTP مصادق negative/positive ولا expired session proof؛ login قد يكتب جلسة|جلسة ACTIVE وهوية خادمية تتجاوز guard الصحيح فقط|انتحال yazeed أو grant ناقص أو direct action خارج النطاق يرفض|2
AUD-P0-011|policy drift|Documents/QC-OWNER-DECISION-ALL-APPROVALS-SIGNATURE-2026-10-05.md;Documents/UAT-ACCEPTANCE-PLAN.md;Documents/DECISION-ASSUMPTION-REGISTER-026.md|قرار كل اعتماد بتوقيع يناقض نص UAT والقرار المشتق القديم بلا توقيع للمشرف|جرد كل APPROVE يطابق القرار النافذ ومراسم الحساب الشخصية|لا backfill ولا اعتبار القديم موقعًا ولا إغلاق RD-019 تلقائيًا|1
AUD-P0-012|release|src/modules/release-governance/infrastructure/postgres-repository.ts;.github/workflows/ci.yml;Documents/PRODUCTION-READINESS-CHECKLIST.md|حارس register19 يرجع false؛ Verification CI لم يبدأ بسبب billing؛ runtime/UAT/restore غير مثبتة|كل P0 PASS وهوية artifact/runtime ومخطط مطبق وUAT/restoration/authority|دليل قديم أو browser PASS أو Pages/Jekyll لا يمنح release|11
AUD-P1-001|DB forensic|db/migrations/*.sql;src/shared/database/db-types.ts;Documents/DATABASE-ARCHITECTURE.md|رأس المصدر ليس رأسًا مطبقًا؛ لا اتصال canonical مثبت read-only لفحص catalog/ledger/privileges|SELECT catalog/ledger/checksum/constraints على دور RO معتمد|checksum drift وaudit UPDATE/DELETE/TRUNCATE grants تسجل دون إصلاح|4
AUD-P1-002|audit|src/shared/audit/postgres-audit-repository.ts;src/modules/laboratory/infrastructure/postgres-repository.ts;src/modules/quarantine/inspection/infrastructure/postgres-repository.ts|نداءا audit عند اعتماد lab/inspection لا يرسلان signatureId؛ adapter يحول الغائب إلى NULL|كل توقيع قرار له audit.signature_id مطابق في نفس المعاملة|فشل audit يتراجع عن القرار والتوقيع؛ لا payload خام في العرض|4
AUD-P1-003|esign|src/modules/laboratory/application/final-approve-lab-test.ts;src/modules/e-signatures/domain/signature-evidence.ts|snapshotHash للنهائي literal identity/version لا digest محتوى؛ validator يتحقق nonempty فقط|digest محتوى canonical سابق للانتقال يربط actor/action/version/meaning|تغيير المحتوى بنفس identity/version أو digest مزيف يرفض|4
AUD-P1-004|exceptions|src/modules/quality/capa/application/*;Documents/BUSINESS-RULES.md;Documents/DECISION-ASSUMPTION-REGISTER-026.md|استثناء CAPA P-04 له سلطة مستقلة؛ لم تنفذ مراسمه ولا الحالات المرفوضة|Supervisor بإذن close وسبب وإعادة مصادقة وتوقيع يطبق الاستثناء فقط|Admin/QC أو استثناء بلا ceremony أو دعوى effectiveness من close ترفض|3
AUD-P1-005|equipment|src/modules/assets/equipment/application/*;src/modules/laboratory/application/record-run-equipment.ts;Documents/DECISION-ASSUMPTION-REGISTER-026.md|لا PG proof للقفل وتغير الحالة/المعايرة أثناء الاستخدام؛ متطلبات الطريقة policy-dependent|ACTIVE وCURRENT غير overdue مع snapshot محفوظ|maintenance/overdue/pointer mismatch أو race لا يجيز الاستخدام|3
AUD-P1-006|docs effectivity|src/modules/documents/application/approve-version.ts;src/modules/documents/application/supersede-version.ts;Documents/DECISION-ASSUMPTION-REGISTER-026.md|RD-019/PD-13/PD-32 لم يعتمدوا؛ approve-version يرمي POLICY_SOURCE_REQUIRED|مصدر WI/SOP approved/effective مع revision/hash/سلطة وتاريخ نفاذ معتمد|APPROVED لا يصبح EFFECTIVE تلقائيًا وملف بلا مصدر لا يعتمد|1
AUD-P1-007|export parity|src/modules/reporting/infrastructure/xlsx-exporter.ts;src/modules/reporting/application/report-snapshot.ts;src/modules/reporting/application/parse-report-filters.ts|probe ZIP يعلن8 مقابل5؛ focused provenance/filter/snapshot ليس screen/export parity كاملًا|قارئ ZIP مستقل وscreen/CSV/XLSX تطابق صفوف وfilters/sort/dates/scope|فساد count/CRC وصيغ spreadsheet وتغير snapshot تمنع قبول التصدير|5
AUD-P1-008|attack surface|src/actions/index.ts;src/middleware.ts;src/shared/files/file-service.ts;Documents/SECURITY-ARCHITECTURE.md|وجود controls ليس تقييم كل route/action/file/SSRF/IDOR؛ لا هجوم حي أو DBwrite|جرد كل entrypoint وربطه guard/validation/threat case|IDOR/CSRF/session expiry/oversized upload/path tamper مع positive control|2
AUD-P1-009|export leakage|src/modules/reporting/application/export-report.ts;src/shared/audit/audit-query.ts;src/shared/files/file-service.ts|لا تنزيل مصادق متعدد النطاقات/فحص محتوى ملفات؛ لا secret/PII leak claim|تصدير أقل صلاحية يطابق visible authorized dataset|actor آخر/رمز كائن معدل/payload audit/password/hash لا يظهر|5
AUD-P1-010|privacy|src/shared/analytics/product-analytics.ts;src/modules/ai-advisory/application/get-advisory.ts;Documents/PRODUCT-ANALYTICS-MEASUREMENT-PLAN.md|sampling redaction/consent/access/retention على runtime غير منفذ؛ لا قرار retention مخترع|attributes allowlisted/low-cardinality وموافقة إرسال محددة|query/recordId/credentials/PII وclass غير مصرح لا يرسلون|2
AUD-UX-001|operational reality|Documents/ROLE-OPERATING-GUIDES.md;src/pages/work/index.astro|لا ملاحظة مستخدم حقيقي يكمل عمله اليومي؛ المصدر ليس واقع التشغيل|مهمة فعلية لكل دور بمدخلات وأدلة حقيقية|سيناريو اصطناعي أو صفحة فارغة لا يمثل العملية|6
AUD-UX-002|completion|src/pages/quarantine/receiving/new.astro;src/pages/laboratory/tests/new.astro|completion ratio يتطلب denominator مهام ومحاولات بشرية وwrites ممنوعة|نجاح task end-to-end مع تحقق السجل النهائي|ترك/خطأ/نتيجة غير مؤكدة تحسب منفصلة لا success|6
AUD-UX-003|timing|src/shared/analytics/product-analytics.ts;src/pages/work/index.astro|لا start/end task samples أو median/p95 ولا baseline من نفس الظروف|قياس زمن مهام محددة مع pauses معلنة|إخفاء الإخفاقات أو زمن server بدل task time مرفوض|6
AUD-UX-004|clicks|src/ui/navigation/navigation.ts;src/pages/quarantine/receiving/[receivingId].astro|لا تسجيل click/keyboard action sequences لمهمة حقيقية|عد مسار المهمة من entry إلى completion بما فيه keyboard|نقرات ضائعة/backtracks لا تسقط من المقام|6
AUD-UX-005|friction|src/ui/components/workflow/JourneyContextPanel.astro;src/shared/copy/ux-vocabulary.ts|لا session-level confusion/error/rework evidence|تسجيل مواضع التردد والتصحيح ومصدرها مع task outcome|رأي بصري دون مراقبة لا يصنف friction مكتشفًا|6
AUD-UX-006|navigation|src/ui/navigation/navigation.ts;src/shared/routing/routes.ts|route guard PASS جزئي لا يثبت findability/breadcrumb/back/focus المصادق|الدور يجد المهمة الحالية ويرجع للسجل بسياق filters|رابط غير مخول أو breadcrumb يفقد السياق أو dead end يسجل|6
AUD-UX-007|search|src/shared/search/postgres-search.ts;src/pages/search.astro|لا runtime scope/count/paging/zero-result parity ولا search success بشرية|find exact business number عبر أنواع ونطاقات مصرح بها|unauthorized count/existence أو private query telemetry لا يتسرب|6
AUD-UX-008|confidence|src/shared/copy/ux-vocabulary.ts;src/ui/components/feedback/OperationalState.astro|لم تقاس قدرة الإنسان يميز saved/submitted/approved/released/unconfirmed|المشغل يشرح حالة السجل والخطوة التالية صحيحة|رسالة نجاح ambiguous أو healthy=QC ready لا تقبل|7
AUD-UX-009|dashboard|src/modules/dashboard/application/dashboard-sources.ts;src/pages/dashboard/index.astro|لا count→drilldown parity وقتيًا حسب actor/filter؛ وجود count contract لا PASS|كل count يعيد exact record set ورقم unavailable يكون null|outage≠empty؛ count شخصي تحت authorized label أو رابط مغاير يفشل|7
AUD-UX-010|density|src/ui/components/data/DataTable.astro;Documents/QC-VISUAL-SYSTEM.md|لا مقارنة compact/comfortable مع datasets/viewport/user needs|تبديل الكثافة يحفظ السياق والمحتوى ويظل مقروءًا|حذف بيانات مهمة أو text overlap بالcompact يفشل|7
AUD-UX-011|cognitive load|src/pages/dashboard/index.astro;src/pages/work/index.astro|لا مهام مراقبة لقياس decisions/working-memory/backtracking|المستخدم يعرف owner/status/next action دون حفظ context خارجي|المصطلحات/الخطوات المتعارضة أو خيارات كثيرة تسجل بدليل|7
AUD-UX-012|hierarchy|src/ui/styles/tokens.css;src/pages/dashboard/index.astro;Documents/QC-VISUAL-SYSTEM.md|لا rendered eye-order/task-priority evidence لكل حالة|الإجراء الرئيسي والتحذير والهوية واضحون بصريًا ودلاليًا|decorative highlight يسبق قرار خطير أو عنوان مبهم يفشل|7
AUD-UX-013|manager vs operator|Documents/ROLE-OPERATING-GUIDES.md;src/modules/dashboard/application/get-dashboard.ts|لم تراقب مهمة Manager مقابل operator بنفس البيانات والنطاق|Manager يرى أسئلة القرار والمشغل يرى عمله دون صلاحيات جديدة|role label أو public page visibility لا يعطي mutation|7
AUD-UX-014|progressive disclosure|src/ui/components/workflow/JourneyContextPanel.astro;src/pages/approvals/[approvalId].astro|لا rendered expanded/collapsed/keyboard evidence أو اختبار إخفاء critical evidence|تفاصيل إضافية عند الحاجة مع القرار والمصدر ظاهرين|عدم اكتشاف warning/signature meaning خلف تفاصيل يفشل|7
AUD-UX-015|copy audit|src/shared/copy/ux-vocabulary.ts;src/pages/login.astro;Documents/COPY-INVENTORY.md|عينات literal فقط؛ لا full rendered state copy inventory أو reviews|كل route/state له literal/source/هدف/مخاطب موثق|placeholder/raw enum/claim غير مدعوم لا يعفى دون دليل|8
AUD-UX-016|compression|src/shared/copy/ux-vocabulary.ts;Documents/UX-WRITING-GUIDE.md|لا baseline/current approved necessary-word denominator؛ لا نسبة اختصار مخترعة|عد literal قبل/بعد مع حماية المعنى لكل نص مصرح|حذف مصدر/سبب/خطأ/تحذير لتحسين نسبة يفشل|8
AUD-UX-017|controlled copy protection|src/shared/copy/ux-vocabulary.ts;Documents/COPY-GLOSSARY.md|source PASS boundary حاضر؛ لا protection proof لكل rendered scientific/document copy|PASS/FAIL/HOLD/NCR/CAPA/RELEASED والتاريخ والمصدر محفوظة|APPROVED≠EFFECTIVE وsaved≠submitted لا يختصران إلى success|8
AUD-UX-018|readability|src/ui/styles/global.css;src/pages/login.astro;Documents/QC-VISUAL-SYSTEM.md|لم تقاس خطوط/contrast/zoom/measure على product UI runtime|200% وtext-spacing تبقي النص والأرقام والوحدات مقروءة|truncation تخفي رقم/تحذير أو خط ضيق يفشل|8
AUD-UX-019|labels|src/pages/login.astro;src/ui/components/forms/*|login labels محدودة مصدرًا؛ لا accessible-name census لكل88 صفحة وحالة|كل input/icon/action له visible/name/role/state متطابق|placeholder وحده أو label/action mismatch يفشل|8
AUD-UX-020|terminology compliance|Documents/COPY-GLOSSARY.md;src/shared/copy/ux-vocabulary.ts;Documents/QC_System_WI_SOP_Pack/WIs/*.docx|لم تقارن لغة المنتج مع النصوص المحكومة المعتمدة؛ pack ليس سلطة تلقائية|SOP/WI والمفردات العلمية والإجرائية تطابق نسخة approved|draft pack أو مصطلح مزيف لا يصبح مرجع اعتماد|8
AUD-UX-021|UI consistency|src/ui/styles/tokens.css;src/ui/components/feedback/OperationalState.astro;Documents/QC-VISUAL-SYSTEM.md|لا screenshot/state comparisons عبر modules أو token computed evidence|نفس حالة/عمل يتصرف ويسمى بشكل متسق|لون/label موحد بمعنى مختلف أو raw status يربك يفشل|7
AUD-UX-022|error quality|src/shared/errors/failure-classification.ts;src/ui/components/feedback/ErrorState.astro|لا rendered validation/conflict/denial/provider/unknown outcome fault injection|خطأ يصنف بدقة ويحفظ المدخل ويشرح الاسترجاع بلا أسرار|provider outage→no records أو raw exception أو نجاح زائف يفشل|9
AUD-UX-023|loading empty failure|src/ui/components/feedback/LoadingState.astro;src/ui/components/feedback/EmptyState.astro;src/ui/components/feedback/ProviderUnavailableState.astro|لا88×loaded/loading/empty/filtered-empty/denied/error measured cells|كل حالة distinct role/status ولا رقم في UNAVAILABLE|loading لا يعلق؛ فشل لا يتحول empty أو zero|9
AUD-UX-024|destructive confirm|src/ui/components/feedback/ConfirmDialog.astro;src/ui/client/dialog.ts|لا confirm→cancel/submit/escape/focus/identity proof؛ writes ممنوعة|اسم السجل وعاقبة العمل ومراسم السلطة قبل أثر واحد|cancel/escape قبل إرسال لا يكتب؛ duplicate submit لا يضاعف|9
AUD-UX-025|network recovery|src/shared/identity/session-recovery.ts;src/shared/errors/failure-classification.ts|لا slow/offline/lost-response/session expiry replay؛ لا mutation request الآن|unknown outcome يوجه لتاريخ السجل ثم idempotent replay فقط|auto-retry على نسخة جديدة أو success بلا confirmation يفشل|9
AUD-UX-026|keyboard|src/ui/client/dialog.ts;src/ui/shell/Sidebar.astro;src/pages/login.astro|لا authenticated Tab/ShiftTab/Enter/Escape focus order/trap/return evidence|كل flow completes keyboard مع focus ظاهر|trap خارج dialog أو زر غير قابل أو focus ضائع يفشل|9
AUD-UX-027|human error|src/ui/components/forms/ErrorSummary.astro;src/pages/laboratory/tests/[labTestId]/execute.astro|لا خطأ بشري مراقب/correction/decimal/unit/record confusion؛ writes ممنوعة|إدخال مخطئ يصحح مع الأصل والتحذير والبيانات محفوظة|اختيار سجل خاطئ أو precision coercion أو confirmation ambiguous يفشل|9
AUD-UX-028|large data|src/shared/pagination/page.ts;src/modules/laboratory/infrastructure/postgres-repository.ts|لا representative large-volume count/paging/time payload proof؛ مصفوفة المصدر ليست قياسًا|page محدودة stable sort/count/scope على volume معلوم|N+1/unbounded/duplicate/gaps عبر الصفحات يسجل بالقياس|10
AUD-UX-029|responsive|src/ui/styles/global.css;src/ui/shell/Sidebar.astro;tests/e2e/accessibility.spec.ts|لا product viewport320/768/1280/zoom/landscape acceptance؛ HTML audit منفصل|كل صفحة وحالة تعيدflow بلا document overflow|إخفاء overflow أو controls offscreen لا يغلق عيب layout|9
AUD-UX-030|WCAG|Documents/UI-UX-SPECIFICATION.md;tests/e2e/accessibility.spec.ts;src/ui/layouts/BaseLayout.astro|لا axe/manual AT/keyboard/authenticated WCAG2.2AA matrix؛ static ليس امتثالًا|معيار applicable له automated+manual evidence current candidate|axe zero وحده أو N/A بلا approved source لا يكفي|9
AUD-UX-031|notifications|src/shared/notifications/notification-service.ts;src/shared/outbox/qc-handler.ts;src/pages/notifications.astro|لا approved complete event/recipient catalogue/delivery/read-state runtime|final approval فقط يرسل للrecipient الصحيح وي dedupe|stage1 لا يوحي نهائيًا؛ replay لا يكرر ولا recipient leak|9
AUD-UX-032|cross-module|src/ui/components/workflow/HandoffTimeline.astro;src/ui/components/workflow/JourneyContextPanel.astro|لا related record/source failure/ownership handoff HTTP evidence|سجل رئيسي يبقى ظاهرًا إذا related source unavailable بسياق واضح|read context لا ينقل mutation authority؛ link غير visible لا يتسرب|6
AUD-UX-033|evidence quality|Documents/REQUIREMENTS-TRACEABILITY.md;scripts/verification/check-evidence-envelope.mjs;src/modules/release-governance/domain/release-approval.ts|hashes الحالية تضبط المخرجات؛ لا independent accepted requirement/evidence mapping|SHA/environment/command/time/hash/source/actor/acceptance لكل claim|stale/raw screenshot أو parent summary غير bound لا يمنح PASS|0
AUD-UX-034|random10 drill|Documents/REQUIREMENTS-TRACEABILITY.md;src/shared/audit/audit-query.ts|لا random10 real records/route evidence drill؛ سيحفظ seed والمعرفات دون تخمين|10 مختارة reproducibly من universe مصرح ومعلن قبل الفحص|cherry-picking/بديل اصطناعي/record unavailable لا يصبح نجاحًا|11
AUD-ENG-001|impact|src/modules/README.md;Documents/ARCHITECTURE-SPECIFICATION.md|لا change-impact graph شامل callers/contracts/requirements؛ لا إصلاح ضمن التدقيق|كل فجوة تربط affected callers ومخاطر الاختبارات|توسعة refactor/dependency بلا صلة أو أثر غير موثق مرفوض|10
AUD-ENG-002|regression|vitest.config.ts;tests/unit/reporting/report-snapshot.test.ts;tests/integration/concurrency/*|13 unit فقط نجحت؛ full regression/integration/security ممنوع أو لم ينفذ|suite reviewed-safe على نفس SHA مع failures/skips معلنة|test existence أو subset pass لا يعني broad suite PASS|10
AUD-ENG-003|complexity|src/modules/laboratory/infrastructure/postgres-repository.ts;src/modules/README.md|لا AST complexity/LOC/module-size measured method أو approved budget|قياس functions/coupling بمنهج ثابت مع hotspots متتبعة|source size وحده لا يحكم bug أو invent complexity target|10
AUD-ENG-004|maintainability|Documents/EXTENDING-THE-SYSTEM.md;src/modules/README.md;src/shared/README.md|لا independent maintenance exercise/duplication/callgraph/testability evidence|مطور مستقل يتتبع boundary/owner/test ويغير scoped fixture بعد إذن|تعقيد توثيق أو codegen ضخم لا يسمى maintainable بلا proof|10
AUD-ENG-005|dead routes|src/shared/routing/routes.ts;scripts/architecture/check-route-files.mjs;src/ui/navigation/navigation.ts|registry guard نجح لكن reachability/link/state/module dead-code runtime غير مثبت|كل registered route لها ملف وnavigation/deep link applicable|صفحة default-deny200 أو conditional route لا تعني live usable|10
AUD-ENG-006|boundaries|scripts/architecture/check-boundaries.mjs;scripts/architecture/check-route-files.mjs;Documents/ARCHITECTURE-SPECIFICATION.md|حارسا static boundaries/routes نجحا فعليًا؛ dynamic graph/runtime غير مثبت|لا delivery→DB/domain violations وجرد routes متسق|استيراد prohibited أو route orphan يفشل الحارس ولا يخفيه allowlist|10
AUD-ENG-007|supply chain|pnpm-lock.yaml;package.json;.github/workflows/ci.yml|لا advisory current/SBOM exactartifact/signature/license acceptance؛ CI billing blocked|frozen lock exact versions وSBOM/provenance/advisory result|network error لا يتحول0 vulnerabilities أو artifact rebuild=promotion|10
AUD-ENG-008|config|src/config/env.ts;src/config/runtime.ts;package.json;render.yaml|Node الافتراضي خارج العقد؛ ركض الأدلة تحت24.20؛ provider/env presence/runtime parity غير مفحوص|canonical keys فقط all-or-none وتحديد env دون طباعة قيم|export provider/verify env إلى app أو invalid TLS/partial groups ترفض|0
AUD-OBS-001|production observability|src/shared/observability/telemetry.ts;src/shared/outbox/worker.ts;Documents/OBSERVABILITY-ARCHITECTURE.md|probe يثبت تسرب setAttribute error بعد نجاح callback؛ exporter/alerts/heartbeat runtime غير مثبتة|فشل قياس لا يغير business result وإثبات exporter/alert receiver|setAttribute/recordException/end throws لا يخفي business error الأصلي|10
AUD-OBS-002|dataquality dashboard|src/modules/dashboard/application/dashboard-sources.ts;Documents/DATA-DICTIONARY.md|لا approved DQ rule/source/grain وcount→record issue drilldown parity|مقاييس completeness/validity/consistency محددة لها مصدر وتوقيت|missing source/outage لا يظهر zero defects أو fabricated quality score|7
AUD-OPS-001|aging|src/modules/reporting/domain/report-definition.ts;src/modules/dashboard/application/dashboard-attention.ts|لا aged population/timezone/window/grain quantification من DB؛ عنوان aging ليس metric|عمر من recorded timestamp وUTC half-open period وروابط الصفوف|غياب timestamp يعلن missing؛ لا invented SLA أو averaging ratios|10
AUD-OPS-002|workload|src/modules/dashboard/application/my-work-queue.ts;src/modules/laboratory/infrastructure/postgres-repository.ts|لا measured workload by role/state/time مع authorized denominator|count queue يطابق scoped drilldown وتحمل assigned vs own|صفحة bounded sample لا تساوي full workload total|10
AUD-OPS-003|SLA|Documents/PRODUCT-ANALYTICS-MEASUREMENT-PLAN.md;Documents/DECISION-ASSUMPTION-REGISTER-026.md|لا owner-approved SLA thresholds/escalation/clock-stop source؛ لا رقم مقترح يصبح target|تعريف SLA source/owner/time pauses قبل حساب breach|غياب السياسة لا ينتج on-time100% أو deadline مفترض|1
AUD-OPS-004|repeat failure|src/modules/reject-reports/infrastructure/*;Documents/REJECT-REPORTS.md|لا تعریف repeat identity/window/method/unit ولا SQL observed counts|تجميع تكرار وفق تعريف معتمد مع record drilldown|خلط وحدات/نسخ مكررة/طرق مختلفة لا يصنع trend|10
AUD-OPS-005|near miss|src/modules/quality/findings/application/*;Documents/DATA-DICTIONARY.md|near-miss definition/schema mapping غير معتمد/متحقق لهذا البند|سجلات classified بمصدر وscope دون تنبؤ غير مصرح|finding عام لا يحول near miss تلقائيًا أو causal claim|10
AUD-OPS-006|reject trend|src/modules/reject-reports/infrastructure/*;Documents/REJECT-REPORTS.md|لا current SQL/filter/date/grain/unit trend parity|counts/quantities حسب variant/unit/window مع drilldown|SUM وحدات مختلفة وAVG نسب أو outagezero ترفض|10
AUD-OPS-007|NCR trend|src/modules/quality/ncr/infrastructure/*;Documents/DATA-MODEL.md|لا state/period/ownership NCR trend أو normalization measured|عدد NCR موحد بالـgrain والتاريخ والنطاق والحالة|finding→NCR inference أو joins fanout لا يحسب trend|10
AUD-OPS-008|downtime|src/modules/assets/maintenance/infrastructure/*;Documents/DATA-MODEL.md|لا overlap/timezone/open-period maintenance downtime query evidence|interval union لكلequipment/window مع open-period caveat|SUM intervals overlapping أو state alone→downtime يرفض|10
AUD-OPS-009|calibration risk|src/modules/assets/calibration/application/*;Documents/DECISION-ASSUMPTION-REGISTER-026.md|لا approved risk scoring/interval source أو measured overdue population|CURRENT pointer/due date/usage impact من المصدر|invented criticality/interval أو outdated pointer لا يمنح safe|10
AUD-OPS-010|closure rate|src/modules/quality/capa/application/*;src/modules/quality/ncr/application/*|لا cohort numerator/denominator/window وقد لا يكون CLOSED effectiveness|closed count/cohort explicit مع signed decision facts|closeexception لا يثبت فعالية أو qualitysuccess؛ reopened يعالج صراحة|10
AUD-OPS-011|approval delay|src/modules/approvals/domain/approval.ts;src/modules/approvals/infrastructure/*|لا perstage assigned/start/decision latency samples/clock definition|مدة من timestamps persisted لكلمرحلة/actor/state|NULL timestamp أو stage1=final أو AVG لا يعلن p95|10
AUD-OPS-012|dataquality trend|Documents/DATA-DICTIONARY.md;src/modules/dashboard/application/dashboard-series.ts|لا accepted DQ rule snapshots/date spine/denominator samples عبر الزمن|نفس rule/version/population وتغطية missing periods|تغير rule أو mix snapshots/events أو empty providerzero لا يقارن|10
AUD-P2-001|recovery drill|src/modules/backup-recovery/application/request-restore.ts;Documents/RESTORE-DRILL-RUNBOOK.md|استعادة DB فعل كتابة محظور؛ PLANNED intent ليس restore؛ authority/RPO/RTO غير مقبولة|restore isolated authorized يتحقق DB+files+relationships+identity|wrongcandidate/corrupt bundle/target production يرفض ولا يكتب|11
AUD-P2-002|load40 latency|Documents/TESTING-STRATEGY.md;src/shared/observability/telemetry.ts|لا40 مستخدمًا ممثلًا وwarmup/sample count/p50p95p99/errors/resource metrics|read-only load مصرح ممثل بأربعين مستخدمًا ببيئة مثبتة|مع cache-only/unrepresentative/failed samples لا latency readiness|10
AUD-P2-003|latency|src/shared/observability/db-telemetry.ts;src/pages/login.astro|لا samecondition route/WebVitals/CPU/GPU/heap beforeafter measurements|p50/p95/p99 وLCP/INP/CLS من sample/session/environment معلوم|Tab فقط لا يقيس INP؛ تحسن عددqueries لا يدعي speed دون قياس|10
AUD-P2-004|human UAT|Documents/UAT-ACCEPTANCE-PLAN.md;src/modules/uat/application/*|لا real participants/signed current cycle؛ UAT ingestion writes ممنوعة|مشاركون حقيقيون ينفذون critical scenarios بتوقيع سلطوي|automated fake participants/screenshots لا تصبح human acceptance|11
AUD-P2-005|role UAT|Documents/ROLE-OPERATING-GUIDES.md;Documents/UAT-ACCEPTANCE-PLAN.md|لا sessions لكلQC01/02/03/Supervisor/QCM/Admin/Owner ولا signed role acceptance|كل persona تطابق الحساب والدور والنطاق والسيناريو الحالي|دور نظري أو owner performs QC أو least-privileged fake لا يغطي role|11
AUD-P2-006|AI safety|src/modules/ai-advisory/application/get-advisory.ts;src/modules/ai-advisory/domain/advisory-response.ts;Documents/AI-PROVIDERS.md|مصدر guards inspected؛ live model/ownerprocessing/eval current/human evidence غير مقبول|معلومات advisory/citation فقط بعد policy/consent/class gates|secret/PII/injection/authorityclaim/highrisk official result ترفض|2
AUD-P2-007|AI failsafe|src/modules/ai-advisory/application/get-advisory.ts;src/modules/ai-advisory/infrastructure/disabled-ai-provider.ts|لا current provider outage/timeout/failover/review proof؛ لا استدعاء خارجي|UNAVAILABLE/REFUSED يبقي coreQC مستقلًا بلا decision write|outage لا يجبر fabricated recommendation أو approval/result mutation|2
AUD-P2-008|retentionrestore|src/modules/backup-recovery/application/retention.ts;Documents/BACKUP-RECOVERY-PLAN.md|PD-24/25 retention policy غير مقبولة؛ purge/restore writes محظورة|legal hold/retention/archive retrieval بعد sourceownerapproval|حذف الأصل/الأقدم بلا approved schedule أو restoreclaim من backup يرفض|11
AUD-P2-009|rollback|Documents/RENDER-MIGRATION-RUNBOOK.md;scripts/release/check-staged-promotion.mjs|لا measured approllback/schema forwardrecovery/restored data؛ writes/deploy محظورة|same-byte artifact rollback بقرار عطل وmigration strategy معتمد|rebuild≠promotion أو downmigration destructive أو wrongcandidate لا يقبل|11
AUD-P2-010|support|Documents/SUPPORT-OWNERSHIP-REGISTER.md;Documents/INCIDENT-PROBLEM-RUNBOOK.md|runbook ليس named oncall ack/escalation/service rehearsal evidence|فشل معروف له owner وfirstresponse قابل للعكس وhandoff مقبول|owner مجهول أو providerunavailable بلا قناة أو secret in ticket لا يقبل|11
