version	source_name	source_sha256	applied_name	applied_sha256	reconciliation
0001	0001_core_schema	a92572b6e26f5f993a1035d2bd6a45e5bf6265098cec2bf26b3f359d773023c1	0001_core_schema	a92572b6e26f5f993a1035d2bd6a45e5bf6265098cec2bf26b3f359d773023c1	EXACT
0002	0002_identity	545f3ae472f40bc4f42ce47e82685e1131731bc2b3b3956eb95235db8d35d629	0002_identity	545f3ae472f40bc4f42ce47e82685e1131731bc2b3b3956eb95235db8d35d629	EXACT
0003	0003_authorization	ab043158ff8e64aca9e0af7b0c449cb6e23709d76d9cb3005aeecec4fb0a8b46	0003_authorization	ab043158ff8e64aca9e0af7b0c449cb6e23709d76d9cb3005aeecec4fb0a8b46	EXACT
0004	0004_audit_outbox_idempotency	771a4dcf6fd073a026907b711d2a6baf01eee56cbd6d3dc074d9ac3922f51e62	0004_audit_outbox_idempotency	771a4dcf6fd073a026907b711d2a6baf01eee56cbd6d3dc074d9ac3922f51e62	EXACT
0005	0005_files_notifications	cb3d4a26cbea20a4fc9c298bc43339b62dfce33a7019c1b54f54483307c0cb12	0005_files_notifications	cb3d4a26cbea20a4fc9c298bc43339b62dfce33a7019c1b54f54483307c0cb12	EXACT
0006	0006_tasks	cadb09d6dd3f8a5dd3a648fc80680b3b41de6bae269a71854e03ec9be75ebd29	0006_tasks	cadb09d6dd3f8a5dd3a648fc80680b3b41de6bae269a71854e03ec9be75ebd29	EXACT
0007	0007_quality	0c84fa183c69eda4237e138073046617a5f64cb20276c015b7b04c2046d075f7	0007_quality	0c84fa183c69eda4237e138073046617a5f64cb20276c015b7b04c2046d075f7	EXACT
0008	0008_quarantine	6b186e3c1968d89ab31fca4182c64a96fe86c54a1dd93b3b37c02bb60a7f963f	0008_quarantine	6b186e3c1968d89ab31fca4182c64a96fe86c54a1dd93b3b37c02bb60a7f963f	EXACT
0009	0009_laboratory	50ee5514504f239b74be83783bf76989f2ca08e03a7c4ffd019fff20a3dcc208	0009_laboratory	50ee5514504f239b74be83783bf76989f2ca08e03a7c4ffd019fff20a3dcc208	EXACT
0010	0010_assets	67a56b385d87f92e709cbb5fea28ae476d554dafbe1786ad0787ca19c324cdfb	0010_assets	67a56b385d87f92e709cbb5fea28ae476d554dafbe1786ad0787ca19c324cdfb	EXACT
0011	0011_documents	ae2be82bc30c44fd8f7574af487e2a8331205afa4544d598762ad8418054378d	0011_documents	ae2be82bc30c44fd8f7574af487e2a8331205afa4544d598762ad8418054378d	EXACT
0012	0012_approvals_esignatures	299b48e4b9b7e7bc7a4bc4cc4a52183a64f371251ac8cd8ad5d1fea08a56a124	0012_approvals_esignatures	299b48e4b9b7e7bc7a4bc4cc4a52183a64f371251ac8cd8ad5d1fea08a56a124	EXACT
0013	0013_change_requests	ce95f9113e0991aa36a15b175da8b162cd4d6170d9d8bbda04165f08c0db926a	0013_change_requests	ce95f9113e0991aa36a15b175da8b162cd4d6170d9d8bbda04165f08c0db926a	EXACT
0014	0014_backup_recovery_metadata	c7c18979fd77945237145f76f64b6f4a02b4fe9eff3a174e84616f0f1f97f536	0014_backup_recovery_metadata	c7c18979fd77945237145f76f64b6f4a02b4fe9eff3a174e84616f0f1f97f536	EXACT
0015	0015_idempotency_records	7ea6a2275b11891ad05a213a1b127442f5b6703c02ba41de8a334180930e53f3	0015_idempotency_records	7ea6a2275b11891ad05a213a1b127442f5b6703c02ba41de8a334180930e53f3	EXACT
0016	0016_authorization_scopes	2a17fad291c45618f7421c8d18cda01ad98bd18aba685099b917c1fb759ea9cc	0016_authorization_scopes	2a17fad291c45618f7421c8d18cda01ad98bd18aba685099b917c1fb759ea9cc	EXACT
0017	0017_quality_source_context	dd1cfe8dd25c16cdfe8876e0135ed7e808342c6d01f79e413446520a05fd6c9b	0017_quality_source_context	dd1cfe8dd25c16cdfe8876e0135ed7e808342c6d01f79e413446520a05fd6c9b	EXACT
0018	0018_rate_limit_windows	8c77a34b3368a156e96368363081ba82fdd8fd9fb4035ae26d8f0d0e9f2b0822	0018_rate_limit_windows	8c77a34b3368a156e96368363081ba82fdd8fd9fb4035ae26d8f0d0e9f2b0822	EXACT
0019	0019_backup_catalog_identity	a3b5e087400758b84919740996b4e5646e5e5f9a2e14322ee76b6e90ca4cdf37	0019_backup_catalog_identity	a3b5e087400758b84919740996b4e5646e5e5f9a2e14322ee76b6e90ca4cdf37	EXACT
0020	0020_capa_close_evidence	fcf82965da796bd647c3b4deb492bffe069347b2aaab4621759b9344546b4673	0020_capa_close_evidence	fcf82965da796bd647c3b4deb492bffe069347b2aaab4621759b9344546b4673	EXACT
0021	0021_release_governance	f4f0525905e58d8d524e65d10b14eed425b3a2a5fe60434b88d12b9bb4ef139b	0021_release_governance	f4f0525905e58d8d524e65d10b14eed425b3a2a5fe60434b88d12b9bb4ef139b	EXACT
0022	0022_server_release_evidence	ca1a4dddb703709f218a988066139dbdab62c14977bfbd7f359eae3aab34af61	0022_server_release_evidence	ca1a4dddb703709f218a988066139dbdab62c14977bfbd7f359eae3aab34af61	EXACT
0023	0023_uat_evidence	a1ff60a7dbffbc8906b3f648f88a50bbeb96e63e45de8d4b8169f4235d1b2fd6	0023_uat_evidence	a1ff60a7dbffbc8906b3f648f88a50bbeb96e63e45de8d4b8169f4235d1b2fd6	EXACT
0024	0024_identity_rbac_grant_integrity	23656e8abf2419595be5db9b7853f01b8c43f6b48ea3c3d50826bc29c411bd0f	0024_identity_rbac_grant_integrity	23656e8abf2419595be5db9b7853f01b8c43f6b48ea3c3d50826bc29c411bd0f	EXACT
0025	0025_qc_closure_006_workflow	4fed4b130ecef1263136a53cd1e9a3b986e3bea5091ea8c584e57df632175f66	0025_qc_closure_006_workflow	4fed4b130ecef1263136a53cd1e9a3b986e3bea5091ea8c584e57df632175f66	EXACT
0026	0026_reject_reports	a411f2e9ae36f8594639cedc4c984e5c6ecd976a69c631e3730b26008a917062	0026_reject_reports	a411f2e9ae36f8594639cedc4c984e5c6ecd976a69c631e3730b26008a917062	EXACT
0027	0027_equipment_calibration_maintenance_closure	739e7800463e5d13d2c0a2c1bbd620bbdb304427fa2fdb7fd17a8eb6a42bc960	0027_equipment_calibration_maintenance_closure	739e7800463e5d13d2c0a2c1bbd620bbdb304427fa2fdb7fd17a8eb6a42bc960	EXACT
0028	0028_qc_closure_009_controlled_records	48b5535141860615e6e9e808f7dac4995db71948c98198ac9425ed38832f0313	0028_qc_closure_009_controlled_records	48b5535141860615e6e9e808f7dac4995db71948c98198ac9425ed38832f0313	EXACT
0029	0029_performance_query_indexes	0d59b6afc2b5e1ab86cdf392f6b35cce3cfb7c32b6d55df96946bdf15b9aeda6	0029_performance_query_indexes	0d59b6afc2b5e1ab86cdf392f6b35cce3cfb7c32b6d55df96946bdf15b9aeda6	EXACT
0030	0030_reject_reports_role_parity	8297eb76a726ee1313dfa69946cca51115e93308ea5a3d90510300b922c46859	0030_reject_reports_role_parity	8297eb76a726ee1313dfa69946cca51115e93308ea5a3d90510300b922c46859	EXACT
0031	0031_qc_creation_parity_two_stage_approval	44b160a6b8c09769fd7f18e19c29b2e29c98635cbf81de603a2cbbbd6324ec61	0031_qc_creation_parity_two_stage_approval	44b160a6b8c09769fd7f18e19c29b2e29c98635cbf81de603a2cbbbd6324ec61	EXACT
0032	0032_document_version_file_integrity	caba57067c08cdd4e28ea38d934cfe834001ccccd6b323d632ad1a3f99168b0a	0032_document_version_file_integrity	caba57067c08cdd4e28ea38d934cfe834001ccccd6b323d632ad1a3f99168b0a	EXACT
0033	0033_controlled_document_execution_context	6b4cf38ab8974ba0dbb30fc4cccb766dac3351796f4d84eb5bf226de0d75c472	0033_controlled_document_execution_context	6b4cf38ab8974ba0dbb30fc4cccb766dac3351796f4d84eb5bf226de0d75c472	EXACT
0034	0034_template_document_link_variable_scope	628dc3dcb228906e813e532d093c3284a5b220f5226b0346bb762265a9e5f2ab	0034_template_document_link_variable_scope	628dc3dcb228906e813e532d093c3284a5b220f5226b0346bb762265a9e5f2ab	EXACT
0035	0035_receiving_normalization	c1f6aae49023e8a8a428f2fed4dadbfb21cd9fe153a24b75bbe0f883c306ac00	0035_receiving_normalization	c1f6aae49023e8a8a428f2fed4dadbfb21cd9fe153a24b75bbe0f883c306ac00	EXACT
0036	0036_qc_data_002_inspection_templates_measurements	e8ddfb7367d6077a0501f3044c78c4be8a48b8752c683236ec013e0e953fbe48	0036_qc_data_002_inspection_templates_measurements	e8ddfb7367d6077a0501f3044c78c4be8a48b8752c683236ec013e0e953fbe48	EXACT
0037	0037_qc_data_003_lab_batches_samples_readings	1389f763f09706cd8f8c5bb20bc52fe6331cfe29a9b1a13d3e030bb8a2e6e597	0037_qc_data_003_lab_batches_samples_readings	1389f763f09706cd8f8c5bb20bc52fe6331cfe29a9b1a13d3e030bb8a2e6e597	EXACT
0038	0038_owner_qc_report_access	52cbd094d9b993ed1f01cb185da777cc56ccd8ee2bf233ade2ad70a608c620ca	0038_owner_qc_report_access	52cbd094d9b993ed1f01cb185da777cc56ccd8ee2bf233ade2ad70a608c620ca	EXACT
0039	0039_laboratory_report_drafts	b52e70d5dc45aab6f1553a3d761b8d2dab2e455eb5db5f27e44caf27d0e823a9	0039_laboratory_report_drafts	b52e70d5dc45aab6f1553a3d761b8d2dab2e455eb5db5f27e44caf27d0e823a9	EXACT
0040	0040_signed_release_gate_evidence	c63984a6066c9d7eaafb1e7febcc531840405badc9c176d459d006ff3ebe2fa4	0040_signed_release_gate_evidence	c63984a6066c9d7eaafb1e7febcc531840405badc9c176d459d006ff3ebe2fa4	EXACT
0041	0041_document_review_queue_indexes	41fe296853afe831a8932ad03000dfe60bfa00ecad112ec1ed3cf2f73b246a0a	0041_document_review_queue_indexes	41fe296853afe831a8932ad03000dfe60bfa00ecad112ec1ed3cf2f73b246a0a	EXACT
0042	0042_immutable_lab_equipment_usage	d9b2531390b4ee00516b9bea07de0e706c3b78c1b13d2925481b29a4ff5340ab	0042_immutable_lab_equipment_usage	d9b2531390b4ee00516b9bea07de0e706c3b78c1b13d2925481b29a4ff5340ab	EXACT
