approval_cases	0	e3b0c44298fc1c149afbf4c8996fb92427ae41e4649b934ca495991b7852b855
approval_decisions	0	e3b0c44298fc1c149afbf4c8996fb92427ae41e4649b934ca495991b7852b855
approval_work_items	0	e3b0c44298fc1c149afbf4c8996fb92427ae41e4649b934ca495991b7852b855
audit_events	5	f8cd8788ba4e05a245ca4cada6fd26b1a5ae4a9ea300ca59f033259b7a1c7431
backup_runs	0	e3b0c44298fc1c149afbf4c8996fb92427ae41e4649b934ca495991b7852b855
calibration_history	0	e3b0c44298fc1c149afbf4c8996fb92427ae41e4649b934ca495991b7852b855
calibration_records	0	e3b0c44298fc1c149afbf4c8996fb92427ae41e4649b934ca495991b7852b855
capa_actions	0	e3b0c44298fc1c149afbf4c8996fb92427ae41e4649b934ca495991b7852b855
capa_close_snapshots	0	e3b0c44298fc1c149afbf4c8996fb92427ae41e4649b934ca495991b7852b855
capas	0	e3b0c44298fc1c149afbf4c8996fb92427ae41e4649b934ca495991b7852b855
change_application_attempts	0	e3b0c44298fc1c149afbf4c8996fb92427ae41e4649b934ca495991b7852b855
change_request_changes	0	e3b0c44298fc1c149afbf4c8996fb92427ae41e4649b934ca495991b7852b855
change_requests	0	e3b0c44298fc1c149afbf4c8996fb92427ae41e4649b934ca495991b7852b855
daily_reject_entries	1	510038948eb725e36f8b6bd842ebf46c5741b3366e597cf279a4725282a918b5
document_identities	1	5eefcc9418b507d1f139d0c3c3c7a6e456f8da6049c1d4157b0fbc3e309b19ef
document_version_files	0	e3b0c44298fc1c149afbf4c8996fb92427ae41e4649b934ca495991b7852b855
document_versions	1	0b29a173b8e5429963d1f64e210fa1e3cd31d6df542a450e57c89e5b92840b99
electronic_signatures	1	b82da30f2bd402f51b4c97e8f2cb59176de97d0f0cca43c6537157d3dd00be05
equipment	0	e3b0c44298fc1c149afbf4c8996fb92427ae41e4649b934ca495991b7852b855
equipment_status_history	0	e3b0c44298fc1c149afbf4c8996fb92427ae41e4649b934ca495991b7852b855
evidence_links	1	e086a5678578a8fc86682518b9dc70fcb8573328a176fecfcd7c1ce3d9b3de4a
files	1	8dd31aa6ce20a525340a5cdb4faa3dbfc823365c83e35271b3287ace025ed8cc
findings	0	e3b0c44298fc1c149afbf4c8996fb92427ae41e4649b934ca495991b7852b855
idempotency_records	0	e3b0c44298fc1c149afbf4c8996fb92427ae41e4649b934ca495991b7852b855
inspection_report_results	0	e3b0c44298fc1c149afbf4c8996fb92427ae41e4649b934ca495991b7852b855
inspection_report_snapshots	0	e3b0c44298fc1c149afbf4c8996fb92427ae41e4649b934ca495991b7852b855
inspection_reports	0	e3b0c44298fc1c149afbf4c8996fb92427ae41e4649b934ca495991b7852b855
inspection_template_points	0	e3b0c44298fc1c149afbf4c8996fb92427ae41e4649b934ca495991b7852b855
inspection_template_sections	0	e3b0c44298fc1c149afbf4c8996fb92427ae41e4649b934ca495991b7852b855
inspection_template_versions	0	e3b0c44298fc1c149afbf4c8996fb92427ae41e4649b934ca495991b7852b855
inspection_templates	0	e3b0c44298fc1c149afbf4c8996fb92427ae41e4649b934ca495991b7852b855
issue_slip_approval_confirmations	0	e3b0c44298fc1c149afbf4c8996fb92427ae41e4649b934ca495991b7852b855
lab_document_usage	0	e3b0c44298fc1c149afbf4c8996fb92427ae41e4649b934ca495991b7852b855
lab_equipment_usage	0	e3b0c44298fc1c149afbf4c8996fb92427ae41e4649b934ca495991b7852b855
lab_measurements	0	e3b0c44298fc1c149afbf4c8996fb92427ae41e4649b934ca495991b7852b855
lab_samples	0	e3b0c44298fc1c149afbf4c8996fb92427ae41e4649b934ca495991b7852b855
lab_test_snapshots	0	e3b0c44298fc1c149afbf4c8996fb92427ae41e4649b934ca495991b7852b855
lab_test_template_parameters	0	e3b0c44298fc1c149afbf4c8996fb92427ae41e4649b934ca495991b7852b855
lab_test_template_sections	0	e3b0c44298fc1c149afbf4c8996fb92427ae41e4649b934ca495991b7852b855
lab_test_template_versions	1	355b379679eb968633338a240bb0170386332c7e1260f493c1932edebf5c669f
lab_test_templates	1	577304a0276afc9c23ea77a0b633310d12018e1f868d14fe1bbd4f4792782fbd
lab_tests	1	830da804651e09088c9c4b1faced8acccbb614ffd398711722a9bf5cd1a2af7d
maintenance_history	0	e3b0c44298fc1c149afbf4c8996fb92427ae41e4649b934ca495991b7852b855
maintenance_records	0	e3b0c44298fc1c149afbf4c8996fb92427ae41e4649b934ca495991b7852b855
ncrs	0	e3b0c44298fc1c149afbf4c8996fb92427ae41e4649b934ca495991b7852b855
notification_deliveries	0	e3b0c44298fc1c149afbf4c8996fb92427ae41e4649b934ca495991b7852b855
notifications	0	e3b0c44298fc1c149afbf4c8996fb92427ae41e4649b934ca495991b7852b855
outbox_events	1	a98ebd7529a2656929777d5a968455ae470f5398c0b4a48a8d074a0a5622200a
password_reset_requests	0	e3b0c44298fc1c149afbf4c8996fb92427ae41e4649b934ca495991b7852b855
permissions	205	720dfdd31928a83a91baeb501fd95d4e2feed6bc6366ed19b4235d627e566a2f
rate_limit_windows	0	e3b0c44298fc1c149afbf4c8996fb92427ae41e4649b934ca495991b7852b855
rcas	0	e3b0c44298fc1c149afbf4c8996fb92427ae41e4649b934ca495991b7852b855
receiving_items	1	42b66cfba9a0cd1e599ca2dc74f35294622e769570345b8c537eee10403a4518
recovery_evidence	0	e3b0c44298fc1c149afbf4c8996fb92427ae41e4649b934ca495991b7852b855
reject_issue_slips	0	e3b0c44298fc1c149afbf4c8996fb92427ae41e4649b934ca495991b7852b855
reject_reports	1	95c3c59713861258ae46c17ed638932e5ef6290f7874e89e37680c8632a51b24
release_approvals	0	e3b0c44298fc1c149afbf4c8996fb92427ae41e4649b934ca495991b7852b855
release_candidates	1	01a20a2df84e1294f5520a259d95afc86daff00aeb23f8acf9b16781718b3825
release_gate_evidence	1	117e51e6350a1dd65d9db207d1c2b34436d4bff8b61a67ec58e4fe89e58d0c4f
release_risk_evidence	1	d35b2a5b4e170c6d15c1432b194eac3e6060cae133106296022be75adf9acf70
restore_runs	0	e3b0c44298fc1c149afbf4c8996fb92427ae41e4649b934ca495991b7852b855
role_permissions	213	ef85dcae2e00427204cec0d86c96d0ebced9abd170045cda4331451d50c2ae45
roles	5	3a770783da4ed9a657a0e3b9454f8f4853a8405e44b1a6ccaa65266fa6e1015e
schema_migrations	30	d98589f84c1648aac768e92292a826350f0d749bde6cb66b4eec8ad510a44ec2
sessions	2	44f3b543f20c42185bac432a72f359a02d14223084ebe44084c0effc683d3315
task_assignments	0	e3b0c44298fc1c149afbf4c8996fb92427ae41e4649b934ca495991b7852b855
task_checklist_items	0	e3b0c44298fc1c149afbf4c8996fb92427ae41e4649b934ca495991b7852b855
task_comments	0	e3b0c44298fc1c149afbf4c8996fb92427ae41e4649b934ca495991b7852b855
task_dependencies	0	e3b0c44298fc1c149afbf4c8996fb92427ae41e4649b934ca495991b7852b855
tasks	2	65bf471447d2dc93d2c0fd6f194dd1c0ee4d313bac742dacc4c239f32bacb697
uat_acceptances	0	e3b0c44298fc1c149afbf4c8996fb92427ae41e4649b934ca495991b7852b855
uat_cycles	0	e3b0c44298fc1c149afbf4c8996fb92427ae41e4649b934ca495991b7852b855
uat_defects	0	e3b0c44298fc1c149afbf4c8996fb92427ae41e4649b934ca495991b7852b855
uat_session_evidence	0	e3b0c44298fc1c149afbf4c8996fb92427ae41e4649b934ca495991b7852b855
user_roles	5	dd7db31cd724956165b541560c2a1a9967207171815ed78aae879fd5df7c783c
user_scopes	5	1c6a516eab02a810975df9bc3fc8d309f9e517b8411f90f5a36c69225d1f8543
users	5	b1e969cb782a3b70e4e6e68261ff7797e20b121ec43c5b7c107517d032f37248
